{
	"IcoMoonType": "selection",
	"icons": [
		{
			"icon": {
				"paths": [
					"M0 512v256h256v-256h-128c0 0 0-128 128-128v-128c0 0-256 0-256 256zM640 384v-128c0 0-256 0-256 256v256h256v-256h-128c0 0 0-128 128-128z"
				],
				"attrs": [
					{}
				],
				"isMulticolor": false,
				"width": 640,
				"tags": [
					"quote"
				],
				"grid": 16
			},
			"attrs": [
				{}
			],
			"properties": {
				"order": 1,
				"id": 2,
				"prevSize": 32,
				"code": 58905,
				"name": "quote"
			},
			"setIdx": 0,
			"setId": 11,
			"iconIdx": 0
		},
		{
			"icon": {
				"paths": [
					"M640 192l-384 384-128-128-128 128 256 256 512-512-128-128z"
				],
				"attrs": [
					{}
				],
				"isMulticolor": false,
				"width": 768,
				"tags": [
					"check"
				],
				"grid": 16
			},
			"attrs": [
				{}
			],
			"properties": {
				"order": 1,
				"id": 1,
				"prevSize": 32,
				"code": 58897,
				"name": "check"
			},
			"setIdx": 0,
			"setId": 11,
			"iconIdx": 1
		},
		{
			"icon": {
				"paths": [
					"M704 512h-64v128h64v-128zM576 512h-64v128h64v-128zM704 320h-64v128h64v-128zM832 512h-64v128h64v-128zM576 704h-64v128h64v-128zM768 0h-64v128h64v-128zM256 0h-64v128h64v-128zM832 320h-64v128h64v-128zM576 320h-64v128h64v-128zM320 704h-64v128h64v-128zM192 512h-64v128h64v-128zM320 512h-64v128h64v-128zM832 64v128h-192v-128h-320v128h-192v-128h-128v896h960v-896h-128zM896 896h-832v-640h832v640zM192 704h-64v128h64v-128zM448 320h-64v128h64v-128zM448 704h-64v128h64v-128zM320 320h-64v128h64v-128zM448 512h-64v128h64v-128zM704 704h-64v128h64v-128z"
				],
				"attrs": [
					{}
				],
				"isMulticolor": false,
				"tags": [
					"calendar"
				],
				"grid": 16
			},
			"attrs": [
				{}
			],
			"properties": {
				"order": 1,
				"id": 0,
				"prevSize": 32,
				"code": 58895,
				"name": "calendar"
			},
			"setIdx": 0,
			"setId": 11,
			"iconIdx": 2
		},
		{
			"icon": {
				"paths": [
					"M320 384h128v128h-128zM512 384h128v128h-128zM704 384h128v128h-128zM128 768h128v128h-128zM320 768h128v128h-128zM512 768h128v128h-128zM320 576h128v128h-128zM512 576h128v128h-128zM704 576h128v128h-128zM128 576h128v128h-128zM832 0v64h-128v-64h-448v64h-128v-64h-128v1024h960v-1024h-128zM896 960h-832v-704h832v704z"
				],
				"attrs": [],
				"tags": [
					"calendar",
					"date",
					"schedule",
					"time",
					"day"
				],
				"defaultCode": 57619,
				"grid": 16
			},
			"attrs": [],
			"properties": {
				"id": 340,
				"order": 23,
				"prevSize": 32,
				"code": 59731,
				"ligatures": "calendar, date",
				"name": "calendar2"
			},
			"setIdx": 10,
			"setId": 0,
			"iconIdx": 83
		},
		{
			"icon": {
				"paths": [
					"M512 64c282.77 0 512 186.25 512 416 0 229.752-229.23 416-512 416-27.156 0-53.81-1.734-79.824-5.044-109.978 109.978-241.25 129.7-368.176 132.596v-26.916c68.536-33.578 128-94.74 128-164.636 0-9.754-0.758-19.33-2.164-28.696-115.796-76.264-189.836-192.754-189.836-323.304 0-229.75 229.23-416 512-416z"
				],
				"attrs": [],
				"tags": [
					"bubble",
					"comment",
					"chat",
					"talk"
				],
				"defaultCode": 57680,
				"grid": 16
			},
			"attrs": [],
			"properties": {
				"id": 422,
				"order": 28,
				"prevSize": 32,
				"code": 59755,
				"ligatures": "bubble, comment",
				"name": "bubble"
			},
			"setIdx": 10,
			"setId": 0,
			"iconIdx": 107
		},
		{
			"icon": {
				"paths": [
					"M225 448c123.712 0 224 100.29 224 224 0 123.712-100.288 224-224 224s-224-100.288-224-224l-1-32c0-247.424 200.576-448 448-448v128c-85.474 0-165.834 33.286-226.274 93.726-11.634 11.636-22.252 24.016-31.83 37.020 11.438-1.8 23.16-2.746 35.104-2.746zM801 448c123.71 0 224 100.29 224 224 0 123.712-100.29 224-224 224s-224-100.288-224-224l-1-32c0-247.424 200.576-448 448-448v128c-85.474 0-165.834 33.286-226.274 93.726-11.636 11.636-22.254 24.016-31.832 37.020 11.44-1.8 23.16-2.746 35.106-2.746z"
				],
				"attrs": [],
				"tags": [
					"quotes-left",
					"ldquo"
				],
				"defaultCode": 57759,
				"grid": 16
			},
			"attrs": [],
			"properties": {
				"id": 502,
				"order": 29,
				"prevSize": 32,
				"code": 59767,
				"ligatures": "quotes-left, ldquo",
				"name": "quotes-left"
			},
			"setIdx": 10,
			"setId": 0,
			"iconIdx": 119
		},
		{
			"icon": {
				"paths": [
					"M800 640c-123.712 0-224-100.29-224-224 0-123.712 100.288-224 224-224s224 100.288 224 224l1 32c0 247.424-200.576 448-448 448v-128c85.474 0 165.834-33.286 226.274-93.726 11.634-11.636 22.252-24.016 31.83-37.020-11.438 1.8-23.16 2.746-35.104 2.746zM224 640c-123.71 0-224-100.29-224-224 0-123.712 100.29-224 224-224s224 100.288 224 224l1 32c0 247.424-200.576 448-448 448v-128c85.474 0 165.834-33.286 226.274-93.726 11.636-11.636 22.254-24.016 31.832-37.020-11.44 1.8-23.16 2.746-35.106 2.746z"
				],
				"attrs": [],
				"tags": [
					"quotes-right",
					"rdquo"
				],
				"defaultCode": 57760,
				"grid": 16
			},
			"attrs": [],
			"properties": {
				"id": 503,
				"order": 30,
				"prevSize": 32,
				"code": 59768,
				"ligatures": "quotes-right, rdquo",
				"name": "quotes-right"
			},
			"setIdx": 10,
			"setId": 0,
			"iconIdx": 120
		},
		{
			"icon": {
				"paths": [
					"M512 0c-282.77 0-512 229.23-512 512s229.23 512 512 512 512-229.23 512-512-229.23-512-512-512zM512 928c-229.75 0-416-186.25-416-416s186.25-416 416-416 416 186.25 416 416-186.25 416-416 416zM384 288l384 224-384 224z"
				],
				"attrs": [],
				"tags": [
					"play",
					"player"
				],
				"defaultCode": 58240,
				"grid": 16
			},
			"attrs": [],
			"properties": {
				"id": 996,
				"order": 21,
				"prevSize": 32,
				"code": 59925,
				"ligatures": "play2, player",
				"name": "play2"
			},
			"setIdx": 10,
			"setId": 0,
			"iconIdx": 277
		},
		{
			"icon": {
				"paths": [
					"M192 128l640 384-640 384z"
				],
				"attrs": [],
				"tags": [
					"play",
					"player"
				],
				"defaultCode": 58245,
				"grid": 16
			},
			"attrs": [],
			"properties": {
				"id": 1001,
				"order": 20,
				"prevSize": 32,
				"code": 59932,
				"ligatures": "play3, player8",
				"name": "play3"
			},
			"setIdx": 10,
			"setId": 0,
			"iconIdx": 284
		},
		{
			"icon": {
				"paths": [
					"M864 704c-45.16 0-85.92 18.738-115.012 48.83l-431.004-215.502c1.314-8.252 2.016-16.706 2.016-25.328s-0.702-17.076-2.016-25.326l431.004-215.502c29.092 30.090 69.852 48.828 115.012 48.828 88.366 0 160-71.634 160-160s-71.634-160-160-160-160 71.634-160 160c0 8.622 0.704 17.076 2.016 25.326l-431.004 215.504c-29.092-30.090-69.852-48.83-115.012-48.83-88.366 0-160 71.636-160 160 0 88.368 71.634 160 160 160 45.16 0 85.92-18.738 115.012-48.828l431.004 215.502c-1.312 8.25-2.016 16.704-2.016 25.326 0 88.368 71.634 160 160 160s160-71.632 160-160c0-88.364-71.634-160-160-160z"
				],
				"attrs": [],
				"tags": [
					"share",
					"social"
				],
				"defaultCode": 58508,
				"grid": 16
			},
			"attrs": [],
			"properties": {
				"id": 1285,
				"order": 31,
				"prevSize": 32,
				"code": 60034,
				"ligatures": "share2, social",
				"name": "share2"
			},
			"setIdx": 10,
			"setId": 0,
			"iconIdx": 386
		},
		{
			"icon": {
				"paths": [
					"M512.006 0.002c-282.774 0-512.006 229.23-512.006 511.996 0 216.906 134.952 402.166 325.414 476.772-4.478-40.508-8.518-102.644 1.774-146.876 9.298-39.954 60.040-254.5 60.040-254.5s-15.32-30.664-15.32-76.008c0-71.19 41.268-124.336 92.644-124.336 43.68 0 64.784 32.794 64.784 72.12 0 43.928-27.964 109.604-42.404 170.464-12.060 50.972 25.556 92.536 75.814 92.536 91.008 0 160.958-95.96 160.958-234.466 0-122.584-88.088-208.298-213.868-208.298-145.678 0-231.186 109.274-231.186 222.19 0 44.008 16.95 91.196 38.102 116.844 4.182 5.070 4.792 9.516 3.548 14.68-3.884 16.18-12.522 50.96-14.216 58.076-2.234 9.368-7.422 11.356-17.124 6.842-63.95-29.77-103.926-123.264-103.926-198.348 0-161.51 117.348-309.834 338.294-309.834 177.61 0 315.634 126.56 315.634 295.704 0 176.458-111.256 318.466-265.676 318.466-51.886 0-100.652-26.958-117.35-58.796 0 0-25.672 97.766-31.894 121.71-11.564 44.468-42.768 100.218-63.642 134.226 47.91 14.832 98.818 22.832 151.604 22.832 282.768-0.002 511.996-229.23 511.996-512 0-282.766-229.228-511.996-511.994-511.996z"
				],
				"attrs": [],
				"tags": [
					"pinterest",
					"brand",
					"social"
				],
				"defaultCode": 58582,
				"grid": 16
			},
			"attrs": [],
			"properties": {
				"id": 1364,
				"order": 33,
				"prevSize": 32,
				"code": 60112,
				"ligatures": "pinterest, brand71",
				"name": "pinterest"
			},
			"setIdx": 10,
			"setId": 0,
			"iconIdx": 464
		},
		{
			"icon": {
				"paths": [
					"M512 896c-211.755 0-384-172.245-384-384s172.245-384 384-384 384 172.245 384 384-172.245 384-384 384zM512 213.333c-164.651 0-298.667 134.016-298.667 298.667s134.016 298.667 298.667 298.667 298.667-134.016 298.667-298.667-134.016-298.667-298.667-298.667z",
					"M526.293 341.333c-105.301 0-158.379 75.52-158.379 138.411 0 38.187 14.421 72.021 45.355 84.651 5.077 2.091 9.643 0.085 11.136-5.504 0.981-3.925 3.413-13.739 4.48-17.835 1.493-5.504 0.896-7.467-3.157-12.331-8.917-10.496-14.677-24.149-14.677-43.477 0-55.979 41.899-106.112 109.141-106.112 59.563 0 92.203 36.395 92.203 84.907 0 63.915-28.245 117.845-70.229 117.845-23.168 0-40.533-19.157-34.987-42.709 6.656-28.075 19.584-58.368 19.584-78.635 0-18.176-9.771-33.237-29.867-33.237-23.723 0-42.752 24.491-42.752 57.344 0 20.907 7.083 35.072 7.083 35.072s-24.277 102.741-28.544 120.747c-8.448 35.84-1.237 79.787-0.64 84.224 0.341 2.645 3.712 3.285 5.248 1.28 2.219-2.859 30.421-37.76 40.021-72.533 2.731-9.813 15.616-60.885 15.616-60.885 7.68 14.677 30.165 27.563 54.101 27.563 71.253 0 119.595-64.896 119.595-151.893-0.043-65.621-55.723-126.891-140.331-126.891z"
				],
				"attrs": [
					{},
					{}
				],
				"isMulticolor": false,
				"tags": [
					"social-pinterest-circular"
				],
				"grid": 24
			},
			"attrs": [
				{},
				{}
			],
			"properties": {
				"order": 1,
				"id": 2,
				"prevSize": 24,
				"code": 58911,
				"name": "social-pinterest-circular"
			},
			"setIdx": 1,
			"setId": 10,
			"iconIdx": 0
		},
		{
			"icon": {
				"paths": [
					"M426.667 853.333c-34.219 0-66.347-13.312-90.539-37.504-24.149-24.149-37.461-56.32-37.461-90.496s13.312-66.347 37.504-90.539l122.795-122.795-122.795-122.837c-24.192-24.149-37.504-56.32-37.504-90.496s13.312-66.347 37.504-90.539c48.341-48.299 132.651-48.341 181.035 0.043l303.829 303.829-303.872 303.829c-24.149 24.192-56.277 37.504-90.496 37.504zM426.667 256c-11.435 0-22.101 4.437-30.165 12.459-8.064 8.107-12.501 18.816-12.501 30.208s4.437 22.101 12.501 30.165l183.125 183.168-183.125 183.168c-8.064 8.064-12.501 18.731-12.501 30.165s4.437 22.101 12.501 30.165c16.128 16.171 44.245 16.128 60.331 0.043l243.541-243.541-243.541-243.499c-8.064-8.064-18.731-12.501-30.165-12.501z"
				],
				"attrs": [
					{}
				],
				"isMulticolor": false,
				"tags": [
					"chevron-right-outline"
				],
				"grid": 24
			},
			"attrs": [
				{}
			],
			"properties": {
				"order": 1,
				"id": 1,
				"prevSize": 24,
				"code": 58894,
				"name": "chevron-right-outline"
			},
			"setIdx": 1,
			"setId": 10,
			"iconIdx": 1
		},
		{
			"icon": {
				"paths": [
					"M554.667 853.333c-34.219 0-66.347-13.312-90.539-37.504l-303.829-303.829 303.872-303.829c48.341-48.341 132.693-48.341 181.035 0 24.149 24.149 37.461 56.32 37.461 90.496s-13.312 66.347-37.504 90.539l-122.795 122.795 122.795 122.837c24.192 24.149 37.504 56.32 37.504 90.496s-13.312 66.347-37.504 90.539c-24.149 24.149-56.277 37.461-90.496 37.461zM280.96 512l243.541 243.499c16.128 16.128 44.245 16.085 60.331 0 8.064-8.064 12.501-18.731 12.501-30.165s-4.437-22.101-12.501-30.165l-183.125-183.168 183.125-183.168c8.064-8.064 12.501-18.773 12.501-30.165s-4.437-22.101-12.501-30.165c-16.128-16.171-44.245-16.128-60.331-0.043l-243.541 243.541z"
				],
				"attrs": [
					{}
				],
				"isMulticolor": false,
				"tags": [
					"chevron-left-outline"
				],
				"grid": 24
			},
			"attrs": [
				{}
			],
			"properties": {
				"order": 1,
				"id": 0,
				"prevSize": 24,
				"code": 58891,
				"name": "chevron-left-outline"
			},
			"setIdx": 1,
			"setId": 10,
			"iconIdx": 2
		},
		{
			"icon": {
				"paths": [
					"M513.664 958.272c87.446 87.68 229.12 87.68 316.566 0 54.422-54.4 75.094-129.706 61.674-200.106 23.040-11.734 43.712-25.386 60.992-38.186 1.92-1.494 10.454-7.466 12.586-9.174 9.622-7.894 15.786-19.84 15.786-33.302 0-12.8-5.546-24.32-14.506-32l-176-145.066c-7.254-5.974-16.618-9.6-26.88-9.6-11.542 0-21.994 4.48-29.674 11.734-3.008 2.986-29.418 30.080-29.418 30.080-18.368 18.346-48 18.346-66.368 0l-179.606-179.84c-18.346-18.346-18.346-48.214 0-66.56l29.226-29.226c7.68-7.68 12.16-18.346 12.16-29.846 0-11.52-4.48-21.782-11.734-29.44l-150.826-182.186c-7.894-9.386-19.84-15.574-33.066-15.574-14.080 0-26.454 6.826-34.346 17.28l-2.56 3.414c-32.854 44.374-75.734 114.774-75.734 180.906 0 182.186 406.208 587.734 586.666 587.734 3.414 0 6.826-0.214 10.048-0.214 3.2 33.494-8.128 68.032-33.706 93.866-45.866 45.846-120.128 45.846-165.994 0l-294.592-302.72c-62.506-62.506-163.626-62.506-226.134 0-62.506 62.506-62.506 163.626 0 226.134l96.64 95.36c20.906 20.714 54.614 20.714 75.52 0 20.694-20.886 20.694-54.614 0-75.498l-96.854-95.168c-20.694-20.886-20.694-54.614 0-75.498 20.906-20.714 54.614-20.714 75.52 0l294.614 302.696z"
				],
				"attrs": [
					{}
				],
				"isMulticolor": false,
				"tags": [
					"phone"
				],
				"defaultCode": 58880,
				"grid": 0
			},
			"attrs": [
				{}
			],
			"properties": {
				"id": 0,
				"order": 6,
				"prevSize": 32,
				"code": 58880,
				"name": "phone"
			},
			"setIdx": 2,
			"setId": 9,
			"iconIdx": 0
		},
		{
			"icon": {
				"paths": [
					"M562.857 565.714q7.429 0 55.714 25.143t51.143 30.286q1.143 2.857 1.143 8.571 0 18.857-9.714 43.429-9.143 22.286-40.571 37.429t-58.286 15.143q-32.571 0-108.571-35.429-56-25.714-97.143-67.429t-84.571-105.714q-41.143-61.143-40.571-110.857v-4.571q1.714-52 42.286-90.286 13.714-12.571 29.714-12.571 3.429 0 10.286 0.857t10.857 0.857q10.857 0 15.143 3.714t8.857 15.714q4.571 11.429 18.857 50.286t14.286 42.857q0 12-19.714 32.857t-19.714 26.571q0 4 2.857 8.571 19.429 41.714 58.286 78.286 32 30.286 86.286 57.714 6.857 4 12.571 4 8.571 0 30.857-27.714t29.714-27.714zM446.857 868.572q72.571 0 139.143-28.571t114.571-76.571 76.571-114.571 28.571-139.143-28.571-139.143-76.571-114.571-114.571-76.571-139.143-28.571-139.143 28.571-114.571 76.571-76.571 114.571-28.571 139.143q0 116 68.571 210.286l-45.143 133.143 138.286-44q90.286 59.429 197.143 59.429zM446.857 78.857q87.429 0 167.143 34.286t137.429 92 92 137.429 34.286 167.143-34.286 167.143-92 137.429-137.429 92-167.143 34.286q-111.429 0-208.571-53.714l-238.286 76.571 77.714-231.429q-61.714-101.714-61.714-222.286 0-87.429 34.286-167.143t92-137.429 137.429-92 167.143-34.286z"
				],
				"attrs": [
					{}
				],
				"isMulticolor": false,
				"tags": [
					"whatsapp"
				],
				"defaultCode": 58881,
				"grid": 0
			},
			"attrs": [
				{}
			],
			"properties": {
				"id": 1,
				"order": 7,
				"prevSize": 32,
				"code": 58881,
				"name": "whatsapp"
			},
			"setIdx": 2,
			"setId": 9,
			"iconIdx": 1
		},
		{
			"icon": {
				"paths": [
					"M829.143 82.286q20 0 34.286 14.286t14.286 34.286v780.571q0 20-14.286 34.286t-34.286 14.286h-223.429v-340h113.714l17.143-132.571h-130.857v-84.571q0-32 13.429-48t52.286-16l69.714-0.571v-118.286q-36-5.143-101.714-5.143-77.714 0-124.286 45.714t-46.571 129.143v97.714h-114.286v132.571h114.286v340h-420q-20 0-34.286-14.286t-14.286-34.286v-780.571q0-20 14.286-34.286t34.286-14.286h780.571z"
				],
				"attrs": [
					{}
				],
				"isMulticolor": false,
				"tags": [
					"facebook-official"
				],
				"defaultCode": 58882,
				"grid": 0
			},
			"attrs": [
				{}
			],
			"properties": {
				"id": 2,
				"order": 8,
				"prevSize": 32,
				"code": 58882,
				"name": "facebook-official"
			},
			"setIdx": 2,
			"setId": 9,
			"iconIdx": 2
		},
		{
			"icon": {
				"paths": [
					"M713.143 82.286q68 0 116.286 48.286t48.286 116.286v548.571q0 68-48.286 116.286t-116.286 48.286h-107.429v-340h113.714l17.143-132.571h-130.857v-84.571q0-32 13.429-48t52.286-16l69.714-0.571v-118.286q-36-5.143-101.714-5.143-77.714 0-124.286 45.714t-46.571 129.143v97.714h-114.286v132.571h114.286v340h-304q-68 0-116.286-48.286t-48.286-116.286v-548.571q0-68 48.286-116.286t116.286-48.286h548.571z"
				],
				"attrs": [
					{}
				],
				"isMulticolor": false,
				"tags": [
					"facebook-square"
				],
				"defaultCode": 58883,
				"grid": 0
			},
			"attrs": [
				{}
			],
			"properties": {
				"id": 3,
				"order": 9,
				"prevSize": 32,
				"code": 58883,
				"name": "facebook-square"
			},
			"setIdx": 2,
			"setId": 9,
			"iconIdx": 3
		},
		{
			"icon": {
				"paths": [
					"M548 16v150.857h-89.714q-49.143 0-66.286 20.571t-17.143 61.714v108h167.429l-22.286 169.143h-145.143v433.714h-174.857v-433.714h-145.714v-169.143h145.714v-124.571q0-106.286 59.429-164.857t158.286-58.571q84 0 130.286 6.857z"
				],
				"attrs": [
					{}
				],
				"isMulticolor": false,
				"width": 585,
				"tags": [
					"facebook"
				],
				"defaultCode": 58884,
				"grid": 0
			},
			"attrs": [
				{}
			],
			"properties": {
				"id": 4,
				"order": 10,
				"prevSize": 32,
				"code": 58884,
				"name": "facebook"
			},
			"setIdx": 2,
			"setId": 9,
			"iconIdx": 4
		},
		{
			"icon": {
				"paths": [
					"M930.909 866.909h-837.818c-51.386 0-93.091-41.705-93.091-93.091v-558.545c0-51.386 41.705-93.091 93.091-93.091h837.818c51.386 0 93.091 41.705 93.091 93.091v558.545c0 51.386-41.705 93.091-93.091 93.091zM884.364 773.818l-266.799-233.472-105.565 93.836-105.565-93.836-266.799 233.472h744.727zM93.091 727.272l261.818-232.727-261.818-232.727v465.455zM139.636 215.272l372.364 325.818 372.364-325.818h-744.727zM930.909 261.818l-261.818 232.727 261.818 232.727v-465.455z"
				],
				"attrs": [
					{}
				],
				"isMulticolor": false,
				"tags": [
					"mail"
				],
				"defaultCode": 58885,
				"grid": 0
			},
			"attrs": [
				{}
			],
			"properties": {
				"id": 5,
				"order": 11,
				"prevSize": 32,
				"code": 58885,
				"name": "mail"
			},
			"setIdx": 2,
			"setId": 9,
			"iconIdx": 5
		},
		{
			"icon": {
				"paths": [
					"M665.6 499.2c0 84.838-68.762 153.6-153.6 153.6s-153.6-68.762-153.6-153.6c0-8.755 0.922-17.306 2.509-25.6h-53.709v204.646c0 14.234 11.52 25.754 25.754 25.754h358.144c14.182 0 25.702-11.52 25.702-25.754v-204.646h-53.709c1.587 8.294 2.509 16.845 2.509 25.6zM512 601.6c56.525 0 102.4-45.875 102.4-102.4s-45.875-102.4-102.4-102.4-102.4 45.875-102.4 102.4 45.875 102.4 102.4 102.4zM634.88 391.68h61.389c8.499 0 15.411-6.912 15.411-15.36v-61.389c0-8.499-6.912-15.411-15.411-15.411h-61.389c-8.499 0-15.411 6.912-15.411 15.411v61.389c0.051 8.448 6.963 15.36 15.411 15.36zM512 7.68c-271.462 0-491.52 220.058-491.52 491.52s220.058 491.52 491.52 491.52c271.462 0 491.52-220.058 491.52-491.52s-220.058-491.52-491.52-491.52zM768 698.317c0 31.283-25.6 56.883-56.883 56.883h-398.234c-31.283 0-56.883-25.6-56.883-56.883v-398.234c0-31.283 25.6-56.883 56.883-56.883h398.234c31.283 0 56.883 25.6 56.883 56.883v398.234z"
				],
				"attrs": [
					{}
				],
				"isMulticolor": false,
				"tags": [
					"instagram-with-circle"
				],
				"defaultCode": 58886,
				"grid": 0
			},
			"attrs": [
				{}
			],
			"properties": {
				"id": 6,
				"order": 12,
				"prevSize": 32,
				"code": 58886,
				"name": "instagram-with-circle"
			},
			"setIdx": 2,
			"setId": 9,
			"iconIdx": 6
		},
		{
			"icon": {
				"paths": [
					"M810.667 192q18.333 0 30.5 12.167t12.167 30.5q0 18-12.333 30.333l-268.667 268.333 268.667 268.333q12.333 12.333 12.333 30.333 0 18.333-12.167 30.5t-30.5 12.167q-18 0-30.333-12.333l-268.333-268.667-268.333 268.667q-12.333 12.333-30.333 12.333-18.333 0-30.5-12.167t-12.167-30.5q0-18 12.333-30.333l268.667-268.333-268.667-268.333q-12.333-12.333-12.333-30.333 0-18.333 12.167-30.5t30.5-12.167q18 0 30.333 12.333l268.333 268.667 268.333-268.667q12.333-12.333 30.333-12.333z"
				],
				"attrs": [
					{}
				],
				"isMulticolor": false,
				"tags": [
					"cross"
				],
				"defaultCode": 58887,
				"grid": 0
			},
			"attrs": [
				{}
			],
			"properties": {
				"id": 7,
				"order": 13,
				"prevSize": 32,
				"code": 58887,
				"name": "cross"
			},
			"setIdx": 2,
			"setId": 9,
			"iconIdx": 7
		},
		{
			"icon": {
				"paths": [
					"M626.784 512.032l195.072 195.072c12.672 12.672 12.672 33.248 0 45.92l-68.832 68.832c-12.672 12.672-33.216 12.672-45.92 0l-195.104-195.072-195.104 195.072c-12.672 12.672-33.216 12.672-45.888 0l-68.864-68.832c-12.672-12.672-12.672-33.216 0-45.92l195.104-195.072-195.104-195.104c-12.672-12.672-12.672-33.248 0-45.92l68.896-68.832c12.672-12.672 33.216-12.672 45.888 0l195.072 195.104 195.104-195.104c12.672-12.672 33.216-12.672 45.92 0l68.832 68.864c12.672 12.672 12.672 33.216 0 45.92l-195.072 195.072z"
				],
				"attrs": [
					{}
				],
				"isMulticolor": false,
				"tags": [
					"cancel"
				],
				"defaultCode": 58888,
				"grid": 0
			},
			"attrs": [
				{}
			],
			"properties": {
				"id": 8,
				"order": 14,
				"prevSize": 32,
				"code": 58888,
				"name": "cancel"
			},
			"setIdx": 2,
			"setId": 9,
			"iconIdx": 8
		},
		{
			"icon": {
				"paths": [
					"M512 7.68c-271.462 0-491.52 220.058-491.52 491.52s220.058 491.52 491.52 491.52 491.52-220.058 491.52-491.52-220.058-491.52-491.52-491.52zM628.429 347.341h-73.882c-8.755 0-18.483 11.52-18.483 26.829v53.35h92.416l-13.978 76.083h-78.438v228.403h-87.194v-228.403h-79.104v-76.083h79.104v-44.749c0-64.205 44.544-116.378 105.677-116.378h73.882v80.947z"
				],
				"attrs": [
					{}
				],
				"isMulticolor": false,
				"tags": [
					"facebook-with-circle"
				],
				"defaultCode": 58889,
				"grid": 0
			},
			"attrs": [
				{}
			],
			"properties": {
				"id": 9,
				"order": 15,
				"prevSize": 32,
				"code": 58889,
				"name": "facebook-with-circle"
			},
			"setIdx": 2,
			"setId": 9,
			"iconIdx": 9
		},
		{
			"icon": {
				"paths": [
					"M33.835 924.501l60.331 60.331 187.093-187.093-58.752-61.909-188.672 188.672zM602.667 64c-209.067 0-378.667 169.557-378.667 378.667 0 81.877 26.325 157.44 70.485 219.435l71.253 75.093c64.896 52.352 147.072 84.181 236.928 84.181 209.152 0 378.667-169.557 378.667-378.667s-169.515-378.709-378.667-378.709zM602.667 736c-161.749 0-293.333-131.584-293.333-293.333s131.584-293.333 293.333-293.333 293.333 131.584 293.333 293.333-131.584 293.333-293.333 293.333z"
				],
				"attrs": [
					{}
				],
				"isMulticolor": false,
				"tags": [
					"search"
				],
				"defaultCode": 58890,
				"grid": 0
			},
			"attrs": [
				{}
			],
			"properties": {
				"id": 10,
				"order": 16,
				"prevSize": 32,
				"code": 58890,
				"name": "search"
			},
			"setIdx": 2,
			"setId": 9,
			"iconIdx": 10
		},
		{
			"icon": {
				"paths": [
					"M512 0c-176.732 0-320 143.268-320 320 0 320 320 704 320 704s320-384 320-704c0-176.732-143.27-320-320-320zM512 512c-106.040 0-192-85.96-192-192s85.96-192 192-192 192 85.96 192 192-85.96 192-192 192z"
				],
				"attrs": [
					{}
				],
				"isMulticolor": false,
				"tags": [
					"location"
				],
				"defaultCode": 59719,
				"grid": 0
			},
			"attrs": [
				{}
			],
			"properties": {
				"id": 11,
				"order": 17,
				"prevSize": 32,
				"code": 59719,
				"name": "location"
			},
			"setIdx": 2,
			"setId": 9,
			"iconIdx": 11
		},
		{
			"icon": {
				"paths": [
					"M512 1024c-136.76 0-265.334-53.258-362.040-149.96-96.702-96.706-149.96-225.28-149.96-362.040 0-96.838 27.182-191.134 78.606-272.692 50-79.296 120.664-143.372 204.356-185.3l43 85.832c-68.038 34.084-125.492 86.186-166.15 150.67-41.746 66.208-63.812 142.798-63.812 221.49 0 229.382 186.618 416 416 416s416-186.618 416-416c0-78.692-22.066-155.282-63.81-221.49-40.66-64.484-98.114-116.584-166.15-150.67l43-85.832c83.692 41.928 154.358 106.004 204.356 185.3 51.422 81.558 78.604 175.854 78.604 272.692 0 136.76-53.258 265.334-149.96 362.040-96.706 96.702-225.28 149.96-362.040 149.96z"
				],
				"attrs": [
					{}
				],
				"isMulticolor": false,
				"tags": [
					"spinner8"
				],
				"defaultCode": 59777,
				"grid": 0
			},
			"attrs": [
				{}
			],
			"properties": {
				"id": 12,
				"order": 18,
				"prevSize": 32,
				"code": 59777,
				"name": "spinner8"
			},
			"setIdx": 2,
			"setId": 9,
			"iconIdx": 12
		},
		{
			"icon": {
				"paths": [
					"M64 192h896v192h-896zM64 448h896v192h-896zM64 704h896v192h-896z"
				],
				"attrs": [
					{}
				],
				"isMulticolor": false,
				"tags": [
					"menu"
				],
				"defaultCode": 59837,
				"grid": 0
			},
			"attrs": [
				{}
			],
			"properties": {
				"id": 13,
				"order": 19,
				"prevSize": 32,
				"code": 59837,
				"name": "menu"
			},
			"setIdx": 2,
			"setId": 9,
			"iconIdx": 13
		},
		{
			"icon": {
				"paths": [
					"M512 0c-282.77 0-512 229.23-512 512s229.23 512 512 512v-384h-128v-128h128v-96c0-88.366 71.632-160 160-160h160v128h-160c-17.674 0-32 14.328-32 32v96h176l-32 128h-144v367.87c220.828-56.838 384-257.3 384-495.87 0-282.77-229.23-512-512-512z"
				],
				"attrs": [
					{}
				],
				"isMulticolor": false,
				"tags": [
					"facebook3"
				],
				"defaultCode": 60046,
				"grid": 0
			},
			"attrs": [
				{}
			],
			"properties": {
				"id": 14,
				"order": 5,
				"prevSize": 32,
				"code": 60046,
				"name": "facebook3"
			},
			"setIdx": 2,
			"setId": 9,
			"iconIdx": 14
		},
		{
			"icon": {
				"paths": [
					"M854 0h-684c-93.5 0-170 76.5-170 170v684c0 93.5 76.5 170 170 170h684c93.5 0 170-76.5 170-170v-684c0-93.5-76.5-170-170-170zM327.8 448h368.4c6.988 20.058 10.8 41.59 10.8 64 0 107.524-87.476 195-195 195s-195-87.476-195-195c0-22.41 3.812-43.942 10.8-64zM896 448.050v383.95c0 35.2-28.8 64-64 64h-640c-35.2 0-64-28.8-64-64v-384h100.108c-4.642 20.602-7.108 42.016-7.108 64 0 160.458 130.542 291 291 291s291-130.542 291-291c0-21.984-2.464-43.398-7.108-64l100.108 0.050zM896 224c0 17.6-14.4 32-32 32h-64c-17.6 0-32-14.4-32-32v-64c0-17.6 14.4-32 32-32h64c17.6 0 32 14.4 32 32v64z"
				],
				"attrs": [
					{}
				],
				"isMulticolor": false,
				"tags": [
					"instagram"
				],
				"defaultCode": 60048,
				"grid": 0
			},
			"attrs": [
				{}
			],
			"properties": {
				"id": 15,
				"order": 4,
				"prevSize": 32,
				"code": 60048,
				"name": "instagram"
			},
			"setIdx": 2,
			"setId": 9,
			"iconIdx": 15
		},
		{
			"icon": {
				"paths": [
					"M1024 194.418c-37.676 16.708-78.164 28.002-120.66 33.080 43.372-26 76.686-67.17 92.372-116.23-40.596 24.078-85.556 41.56-133.41 50.98-38.32-40.83-92.922-66.34-153.346-66.34-116.022 0-210.088 94.058-210.088 210.078 0 16.466 1.858 32.5 5.44 47.878-174.6-8.764-329.402-92.4-433.018-219.506-18.084 31.028-28.446 67.116-28.446 105.618 0 72.888 37.088 137.192 93.46 174.866-34.438-1.092-66.832-10.542-95.154-26.278-0.020 0.876-0.020 1.756-0.020 2.642 0 101.788 72.418 186.696 168.522 206-17.626 4.8-36.188 7.372-55.348 7.372-13.538 0-26.698-1.32-39.528-3.772 26.736 83.46 104.32 144.206 196.252 145.896-71.9 56.35-162.486 89.934-260.916 89.934-16.958 0-33.68-0.994-50.116-2.94 92.972 59.61 203.402 94.394 322.042 94.394 386.422 0 597.736-320.124 597.736-597.744 0-9.108-0.206-18.168-0.61-27.18 41.056-29.62 76.672-66.62 104.836-108.748z"
				],
				"attrs": [
					{}
				],
				"isMulticolor": false,
				"tags": [
					"twitter"
				],
				"defaultCode": 60049,
				"grid": 0
			},
			"attrs": [
				{}
			],
			"properties": {
				"id": 16,
				"order": 3,
				"prevSize": 32,
				"code": 60049,
				"name": "twitter"
			},
			"setIdx": 2,
			"setId": 9,
			"iconIdx": 16
		},
		{
			"icon": {
				"paths": [
					"M853.342 0h-682.656c-93.874 0-170.686 76.81-170.686 170.69v682.624c0 93.936 76.812 170.686 170.686 170.686h682.656c93.876 0 170.658-76.75 170.658-170.69v-682.62c0-93.88-76.782-170.69-170.658-170.69zM766.478 381.48c0.252 5.632 0.38 11.296 0.38 16.988 0 173.51-132.070 373.588-373.584 373.588-74.15 0-143.168-21.738-201.276-58.996 10.272 1.218 20.724 1.84 31.322 1.84 61.518 0 118.134-20.992 163.072-56.21-57.458-1.054-105.948-39.020-122.658-91.184 8.018 1.532 16.244 2.36 24.704 2.36 11.976 0 23.578-1.61 34.592-4.61-60.064-12.066-105.326-65.132-105.326-128.75 0-0.554 0-1.104 0.012-1.652 17.7 9.834 37.948 15.742 59.47 16.424-35.232-23.546-58.414-63.736-58.414-109.292 0-24.064 6.476-46.62 17.78-66.010 64.76 79.44 161.51 131.712 270.634 137.19-2.238-9.612-3.4-19.632-3.4-29.924 0-72.512 58.792-131.298 131.304-131.298 37.766 0 71.892 15.944 95.842 41.462 29.908-5.886 58.008-16.814 83.38-31.862-9.804 30.662-30.624 56.394-57.732 72.644 26.56-3.174 51.866-10.232 75.412-20.674-17.594 26.328-39.854 49.454-65.514 67.966z"
				],
				"attrs": [
					{}
				],
				"isMulticolor": false,
				"tags": [
					"twitter2"
				],
				"defaultCode": 60050,
				"grid": 0
			},
			"attrs": [
				{}
			],
			"properties": {
				"id": 17,
				"order": 2,
				"prevSize": 32,
				"code": 60050,
				"name": "twitter2"
			},
			"setIdx": 2,
			"setId": 9,
			"iconIdx": 17
		},
		{
			"icon": {
				"paths": [
					"M512 0c-282.77 0-512 229.23-512 512s229.23 512 512 512 512-229.23 512-512-229.23-512-512-512zM766.478 381.48c0.252 5.632 0.38 11.296 0.38 16.988 0 173.51-132.070 373.588-373.584 373.588-74.15 0-143.168-21.738-201.276-58.996 10.272 1.218 20.724 1.84 31.322 1.84 61.518 0 118.134-20.992 163.072-56.21-57.458-1.054-105.948-39.020-122.658-91.184 8.018 1.532 16.244 2.36 24.704 2.36 11.976 0 23.578-1.61 34.592-4.61-60.064-12.066-105.326-65.132-105.326-128.75 0-0.554 0-1.104 0.012-1.652 17.7 9.834 37.948 15.742 59.47 16.424-35.232-23.546-58.414-63.736-58.414-109.292 0-24.064 6.476-46.62 17.78-66.010 64.76 79.44 161.51 131.712 270.634 137.19-2.238-9.612-3.4-19.632-3.4-29.924 0-72.512 58.792-131.298 131.304-131.298 37.766 0 71.892 15.944 95.842 41.462 29.908-5.886 58.008-16.814 83.38-31.862-9.804 30.662-30.624 56.394-57.732 72.644 26.56-3.174 51.866-10.232 75.412-20.674-17.594 26.328-39.854 49.454-65.514 67.966z"
				],
				"attrs": [
					{}
				],
				"isMulticolor": false,
				"tags": [
					"twitter3"
				],
				"defaultCode": 60051,
				"grid": 0
			},
			"attrs": [
				{}
			],
			"properties": {
				"id": 18,
				"order": 1,
				"prevSize": 32,
				"code": 60051,
				"name": "twitter3"
			},
			"setIdx": 2,
			"setId": 9,
			"iconIdx": 18
		},
		{
			"icon": {
				"paths": [
					"M512 96c-229.76 0-416 186.24-416 416s186.24 416 416 416 416-186.24 416-416-186.24-416-416-416zM512 864c-194.4 0-352-157.6-352-352s157.6-352 352-352 352 157.6 352 352-157.6 352-352 352zM466.944 389.568c13.408-7.072 20.096-15.904 20.096-26.496 0-6.688-2.272-12.256-6.848-16.672-4.608-4.416-10.4-6.624-17.44-6.624-17.632 0-41.92 10.24-72.896 30.688-36.64 24-65.76 53.184-87.392 87.584s-32.48 68.384-32.48 101.92c0 15.872 3.008 31.648 8.992 47.36 5.984 15.68 14.080 28.992 24.288 39.968 21.472 23.648 47.168 35.456 77.088 35.456 31.328 0 56.864-10.784 76.576-32.32 8.096-8.8 14.496-19.328 19.296-31.488 4.736-12.192 7.136-24.256 7.136-36.256 0-25.408-7.040-47.104-21.088-65.12s-32.576-28.576-55.424-31.744l-8.448-0.512-6.336-1.088c-10.528-1.408-15.84-5.472-15.84-12.16 0-7.072 6.88-18.176 20.64-33.344 14.336-15.456 37.696-31.872 70.080-49.152zM719.68 389.568c13.44-7.072 20.128-15.904 20.128-26.496 0-6.688-2.272-12.256-6.88-16.672-4.576-4.416-10.4-6.624-17.472-6.624-17.632 0-41.984 10.24-73.024 30.688-36.672 24-65.952 53.184-87.808 87.584s-32.8 68.384-32.8 101.92c0 15.872 3.008 31.648 8.992 47.36 6.016 15.68 14.080 28.992 24.32 39.968 21.536 23.648 47.424 35.456 77.76 35.456 31.072 0 56.64-10.784 76.736-32.32 8.096-8.8 14.56-19.232 19.328-31.232 4.736-12.032 7.136-24.192 7.136-36.544 0-25.408-7.168-47.008-21.44-64.832-14.304-17.824-32.928-28.48-55.904-32l-7.968-0.512-6.88-1.088c-10.56-1.408-15.872-5.472-15.872-12.16 0-7.072 7.072-18.176 21.184-33.344 14.816-16.192 38.304-32.576 70.464-49.152z"
				],
				"attrs": [
					{}
				],
				"isMulticolor": false,
				"tags": [
					"quote",
					"rdquo"
				],
				"grid": 32
			},
			"attrs": [
				{}
			],
			"properties": {
				"order": 1,
				"id": 2,
				"prevSize": 32,
				"code": 58906,
				"name": "quote2"
			},
			"setIdx": 4,
			"setId": 7,
			"iconIdx": 0
		},
		{
			"icon": {
				"paths": [
					"M512 96c-229.76 0-416 186.24-416 416s186.24 416 416 416 416-186.24 416-416-186.24-416-416-416zM512 864c-194.4 0-352-157.6-352-352s157.6-352 352-352 352 157.6 352 352-157.6 352-352 352zM468.864 376.672c-21.568-23.648-47.456-35.456-77.792-35.456-31.040 0-56.64 10.752-76.704 32.288-8.096 8.832-14.56 19.232-19.328 31.232-4.736 12-7.136 24.192-7.136 36.512 0 25.408 7.168 47.040 21.44 64.864 14.304 17.824 32.928 28.48 55.904 32l7.968 0.512 6.88 1.088c10.592 1.408 15.904 5.472 15.904 12.16 0 7.072-7.072 18.176-21.216 33.344-14.848 16.224-38.336 32.672-70.496 49.216-13.44 7.072-20.128 15.872-20.128 26.464 0 6.72 2.272 12.288 6.88 16.672 4.576 4.416 10.4 6.592 17.472 6.592 17.632 0 41.984-10.208 73.024-30.688 36.672-24 65.984-53.184 87.84-87.616 21.888-34.368 32.8-68.352 32.8-101.888 0-15.872-3.008-31.648-8.992-47.36-5.984-15.68-14.112-28.992-24.32-39.936zM720.736 376.672c-21.44-23.648-47.136-35.456-77.056-35.456-31.328 0-56.864 10.752-76.576 32.288-8.128 8.832-14.528 19.328-19.296 31.488-4.768 12.192-7.136 24.256-7.136 36.256 0 25.408 7.040 47.136 21.088 65.12s32.576 28.576 55.424 31.744l8.448 0.512 6.304 1.088c10.56 1.408 15.84 5.472 15.84 12.16 0 7.072-6.88 18.176-20.608 33.344-14.432 15.52-37.856 31.936-70.208 49.216-13.408 7.072-20.096 15.872-20.096 26.464 0 6.72 2.304 12.288 6.88 16.672 4.608 4.416 10.4 6.592 17.44 6.592 17.6 0 41.92-10.208 72.864-30.688 36.64-24 65.792-53.184 87.424-87.616 21.632-34.368 32.48-68.352 32.48-101.888 0-15.872-2.976-31.648-8.96-47.36-5.92-15.68-14.016-28.992-24.256-39.936z"
				],
				"attrs": [
					{}
				],
				"isMulticolor": false,
				"tags": [
					"quote",
					"rdquo"
				],
				"grid": 32
			},
			"attrs": [
				{}
			],
			"properties": {
				"order": 2,
				"id": 1,
				"prevSize": 32,
				"code": 58907,
				"name": "quote3"
			},
			"setIdx": 4,
			"setId": 7,
			"iconIdx": 1
		},
		{
			"icon": {
				"paths": [
					"M938.688 96h-138.688v-64c0-17.696-14.304-32-32-32s-32 14.304-32 32v64h-192v-64c0-17.696-14.336-32-32-32s-32 14.304-32 32v64h-192v-64c0-17.696-14.336-32-32-32s-32 14.304-32 32v64h-138.656c-47.136 0-85.344 38.176-85.344 85.312v757.344c0 47.136 38.208 85.344 85.344 85.344h853.344c47.136 0 85.312-38.208 85.312-85.344v-757.344c0-47.136-38.176-85.312-85.312-85.312zM960 938.656c0 11.776-9.568 21.344-21.312 21.344h-853.344c-11.776 0-21.344-9.568-21.344-21.344v-757.344c0-11.744 9.568-21.312 21.344-21.312h138.656v64c0 17.696 14.336 32 32 32s32-14.304 32-32v-64h192v64c0 17.696 14.336 32 32 32s32-14.304 32-32v-64h192v64c0 17.696 14.304 32 32 32s32-14.304 32-32v-64h138.688c11.744 0 21.312 9.568 21.312 21.312v757.344zM224 384h128v96h-128zM224 544h128v96h-128zM224 704h128v96h-128zM448 704h128v96h-128zM448 544h128v96h-128zM448 384h128v96h-128zM672 704h128v96h-128zM672 544h128v96h-128zM672 384h128v96h-128z"
				],
				"attrs": [],
				"tags": [
					"calendar",
					"date",
					"schedule"
				],
				"grid": 32
			},
			"attrs": [],
			"properties": {
				"id": 43,
				"order": 22,
				"prevSize": 32,
				"code": 58896,
				"name": "calendar3"
			},
			"setIdx": 11,
			"setId": 1,
			"iconIdx": 43
		},
		{
			"icon": {
				"paths": [
					"M512 20.48c-271.462 0-491.52 220.058-491.52 491.52s220.058 491.52 491.52 491.52 491.52-220.058 491.52-491.52-220.058-491.52-491.52-491.52zM545.638 628.48c-31.539-2.406-44.749-18.022-69.427-32.973-13.568 71.219-30.157 139.52-79.309 175.206-15.206-107.725 22.221-188.518 39.629-274.381-29.645-49.92 3.533-150.323 66.099-125.645 76.954 30.515-66.662 185.6 29.747 205.005 100.659 20.173 141.773-174.694 79.36-237.978-90.214-91.494-262.502-2.099-241.306 128.87 5.12 32 38.246 41.728 13.21 85.914-57.702-12.8-74.957-58.317-72.704-118.989 3.533-99.328 89.242-168.909 175.155-178.483 108.698-12.083 210.688 39.885 224.819 142.182 15.821 115.405-49.101 240.282-165.274 231.27z"
				],
				"attrs": [
					{}
				],
				"isMulticolor": false,
				"tags": [
					"pinterest-with-circle"
				],
				"grid": 20
			},
			"attrs": [
				{}
			],
			"properties": {
				"order": 1,
				"id": 10,
				"prevSize": 20,
				"code": 58909,
				"name": "pinterest-with-circle"
			},
			"setIdx": 6,
			"setId": 5,
			"iconIdx": 0
		},
		{
			"icon": {
				"paths": [
					"M441.19 677.222c-26.931 141.005-59.75 276.173-157.082 346.778-30.003-213.094 44.083-373.094 78.541-542.976-58.726-98.816 7.066-297.574 130.816-248.576 152.32 60.211-131.891 367.206 58.88 405.606 199.219 39.987 280.525-345.6 156.979-470.989-178.432-181.146-519.475-4.25-477.491 255.078 10.189 63.386 75.674 82.586 26.163 170.086-114.227-25.293-148.326-115.405-143.923-235.52 7.066-196.608 176.589-334.182 346.675-353.28 215.091-24.115 416.973 79.002 444.877 281.293 31.386 228.403-97.075 475.802-327.117 457.984-62.362-4.864-88.474-35.789-137.318-65.485z"
				],
				"attrs": [
					{}
				],
				"isMulticolor": false,
				"tags": [
					"pinterest"
				],
				"grid": 20
			},
			"attrs": [
				{}
			],
			"properties": {
				"order": 2,
				"id": 9,
				"prevSize": 20,
				"code": 58910,
				"name": "pinterest2"
			},
			"setIdx": 6,
			"setId": 5,
			"iconIdx": 1
		},
		{
			"icon": {
				"paths": [
					"M132.198 711.219c-13.926 13.722-36.301 13.722-50.125 0s-13.875-35.891 0-49.613l404.89-400.896c13.824-13.722 36.198-13.722 50.125 0l404.89 400.896c13.824 13.722 13.824 35.891 0 49.613-13.875 13.722-36.301 13.722-50.074 0l-379.904-365.619-379.802 365.619z"
				],
				"attrs": [
					{}
				],
				"isMulticolor": false,
				"tags": [
					"chevron-thin-up"
				],
				"grid": 20
			},
			"attrs": [
				{}
			],
			"properties": {
				"order": 1,
				"id": 8,
				"prevSize": 20,
				"code": 58903,
				"name": "chevron-thin-up"
			},
			"setIdx": 6,
			"setId": 5,
			"iconIdx": 2
		},
		{
			"icon": {
				"paths": [
					"M336.998 621.619c-13.875 13.722-36.301 13.722-50.074 0s-13.926-35.891 0-49.613l200.090-196.096c13.824-13.722 36.198-13.722 50.125 0l200.090 196.096c13.824 13.67 13.824 35.891 0 49.613-13.875 13.722-36.301 13.722-50.125 0l-175.104-160.819-175.002 160.819z"
				],
				"attrs": [
					{}
				],
				"isMulticolor": false,
				"tags": [
					"chevron-small-up"
				],
				"grid": 20
			},
			"attrs": [
				{}
			],
			"properties": {
				"order": 2,
				"id": 7,
				"prevSize": 20,
				"code": 58904,
				"name": "chevron-small-up"
			},
			"setIdx": 6,
			"setId": 5,
			"iconIdx": 3
		},
		{
			"icon": {
				"paths": [
					"M891.802 312.781c13.926-13.722 36.301-13.722 50.125 0s13.875 35.891 0 49.613l-404.89 400.896c-13.824 13.722-36.198 13.722-50.125 0l-404.89-400.896c-13.824-13.722-13.824-35.891 0-49.613 13.875-13.722 36.301-13.722 50.125 0l379.853 365.619 379.802-365.619z"
				],
				"attrs": [
					{}
				],
				"isMulticolor": false,
				"tags": [
					"chevron-thin-down"
				],
				"grid": 20
			},
			"attrs": [
				{}
			],
			"properties": {
				"order": 1,
				"id": 6,
				"prevSize": 20,
				"code": 58901,
				"name": "chevron-thin-down"
			},
			"setIdx": 6,
			"setId": 5,
			"iconIdx": 4
		},
		{
			"icon": {
				"paths": [
					"M687.002 402.381c13.875-13.722 36.301-13.722 50.074 0 13.824 13.722 13.926 35.891 0 49.613l-200.090 196.096c-13.824 13.722-36.198 13.722-50.125 0l-200.090-196.096c-13.824-13.67-13.824-35.891 0-49.613 13.875-13.722 36.301-13.722 50.074 0l175.155 160.819 175.002-160.819z"
				],
				"attrs": [
					{}
				],
				"isMulticolor": false,
				"tags": [
					"chevron-small-down"
				],
				"grid": 20
			},
			"attrs": [
				{}
			],
			"properties": {
				"order": 2,
				"id": 5,
				"prevSize": 20,
				"code": 58902,
				"name": "chevron-small-down"
			},
			"setIdx": 6,
			"setId": 5,
			"iconIdx": 5
		},
		{
			"icon": {
				"paths": [
					"M424.653 870.298c-22.272 0-43.366-10.394-56.883-28.314l-182.938-241.715c-23.808-31.386-17.613-76.083 13.824-99.891 31.488-23.91 76.186-17.613 99.994 13.824l120.371 158.925 302.643-485.99c20.838-33.382 64.87-43.622 98.355-22.784 33.434 20.787 43.725 64.819 22.835 98.304l-357.581 573.952c-12.39 20.019-33.843 32.512-57.344 33.587-1.126 0.102-2.15 0.102-3.277 0.102z"
				],
				"attrs": [
					{}
				],
				"isMulticolor": false,
				"tags": [
					"check"
				],
				"grid": 20
			},
			"attrs": [
				{}
			],
			"properties": {
				"order": 1,
				"id": 4,
				"prevSize": 20,
				"code": 58898,
				"name": "check2"
			},
			"setIdx": 6,
			"setId": 5,
			"iconIdx": 6
		},
		{
			"icon": {
				"paths": [
					"M678.4 512l-365.619-379.904c-13.722-13.824-13.722-36.198 0-50.125 13.722-13.824 35.891-13.824 49.613 0l400.896 404.89c13.722 13.875 13.722 36.301 0 50.125l-400.896 404.89c-13.722 13.875-35.891 13.824-49.613 0-13.722-13.773-13.722-36.198 0-50.125l365.619-379.75z"
				],
				"attrs": [
					{}
				],
				"isMulticolor": false,
				"tags": [
					"chevron-thin-right"
				],
				"grid": 20
			},
			"attrs": [
				{}
			],
			"properties": {
				"order": 1,
				"id": 3,
				"prevSize": 20,
				"code": 58893,
				"name": "chevron-thin-right"
			},
			"setIdx": 6,
			"setId": 5,
			"iconIdx": 7
		},
		{
			"icon": {
				"paths": [
					"M711.219 891.802c13.722 13.926 13.722 36.301 0 50.125s-35.891 13.875-49.613 0l-400.896-404.89c-13.722-13.824-13.722-36.198 0-50.125l400.896-404.89c13.722-13.824 35.891-13.824 49.613 0 13.722 13.875 13.722 36.301 0 50.125l-365.619 379.853 365.619 379.802z"
				],
				"attrs": [
					{}
				],
				"isMulticolor": false,
				"tags": [
					"chevron-thin-left"
				],
				"grid": 20
			},
			"attrs": [
				{}
			],
			"properties": {
				"order": 1,
				"id": 2,
				"prevSize": 20,
				"code": 58892,
				"name": "chevron-thin-left"
			},
			"setIdx": 6,
			"setId": 5,
			"iconIdx": 8
		},
		{
			"icon": {
				"paths": [
					"M694.857 585.143q76 0 129.429 53.429t53.429 129.429-53.429 129.429-129.429 53.429-129.429-53.429-53.429-129.429q0-6.857 1.143-19.429l-205.714-102.857q-52.571 49.143-124.571 49.143-76 0-129.429-53.429t-53.429-129.429 53.429-129.429 129.429-53.429q72 0 124.571 49.143l205.714-102.857q-1.143-12.571-1.143-19.429 0-76 53.429-129.429t129.429-53.429 129.429 53.429 53.429 129.429-53.429 129.429-129.429 53.429q-72 0-124.571-49.143l-205.714 102.857q1.143 12.571 1.143 19.429t-1.143 19.429l205.714 102.857q52.571-49.143 124.571-49.143z"
				],
				"attrs": [
					{}
				],
				"isMulticolor": false,
				"width": 878,
				"tags": [
					"share-alt"
				],
				"grid": 14
			},
			"attrs": [
				{}
			],
			"properties": {
				"order": 1,
				"id": 6,
				"prevSize": 14,
				"code": 58908,
				"name": "share-alt"
			},
			"setIdx": 8,
			"setId": 3,
			"iconIdx": 0
		},
		{
			"icon": {
				"paths": [
					"M669.143 464.571l-241.143 241.143q-10.857 10.857-25.714 10.857t-25.714-10.857l-168-168q-10.857-10.857-10.857-25.714t10.857-25.714l58.286-58.286q10.857-10.857 25.714-10.857t25.714 10.857l84 84 157.143-157.143q10.857-10.857 25.714-10.857t25.714 10.857l58.286 58.286q10.857 10.857 10.857 25.714t-10.857 25.714zM749.714 512q0-84.571-41.714-156t-113.143-113.143-156-41.714-156 41.714-113.143 113.143-41.714 156 41.714 156 113.143 113.143 156 41.714 156-41.714 113.143-113.143 41.714-156zM877.714 512q0 119.429-58.857 220.286t-159.714 159.714-220.286 58.857-220.286-58.857-159.714-159.714-58.857-220.286 58.857-220.286 159.714-159.714 220.286-58.857 220.286 58.857 159.714 159.714 58.857 220.286z"
				],
				"attrs": [
					{}
				],
				"isMulticolor": false,
				"width": 878,
				"tags": [
					"check-circle-o"
				],
				"grid": 14
			},
			"attrs": [
				{}
			],
			"properties": {
				"order": 1,
				"id": 5,
				"prevSize": 14,
				"code": 58899,
				"name": "check-circle-o"
			},
			"setIdx": 8,
			"setId": 3,
			"iconIdx": 1
		},
		{
			"icon": {
				"paths": [
					"M733.714 419.429q0-16-10.286-26.286l-52-51.429q-10.857-10.857-25.714-10.857t-25.714 10.857l-233.143 232.571-129.143-129.143q-10.857-10.857-25.714-10.857t-25.714 10.857l-52 51.429q-10.286 10.286-10.286 26.286 0 15.429 10.286 25.714l206.857 206.857q10.857 10.857 25.714 10.857 15.429 0 26.286-10.857l310.286-310.286q10.286-10.286 10.286-25.714zM877.714 512q0 119.429-58.857 220.286t-159.714 159.714-220.286 58.857-220.286-58.857-159.714-159.714-58.857-220.286 58.857-220.286 159.714-159.714 220.286-58.857 220.286 58.857 159.714 159.714 58.857 220.286z"
				],
				"attrs": [
					{}
				],
				"isMulticolor": false,
				"width": 878,
				"tags": [
					"check-circle"
				],
				"grid": 14
			},
			"attrs": [
				{}
			],
			"properties": {
				"order": 2,
				"id": 4,
				"prevSize": 14,
				"code": 58900,
				"name": "check-circle"
			},
			"setIdx": 8,
			"setId": 3,
			"iconIdx": 2
		}
	],
	"height": 1024,
	"metadata": {
		"name": "icomoon"
	},
	"preferences": {
		"showGlyphs": true,
		"showQuickUse": true,
		"showQuickUse2": true,
		"showSVGs": true,
		"fontPref": {
			"prefix": "icon-",
			"metadata": {
				"fontFamily": "icomoon"
			},
			"metrics": {
				"emSize": 1024,
				"baseline": 6.25,
				"whitespace": 50
			},
			"embed": false
		},
		"imagePref": {
			"prefix": "icon-",
			"png": true,
			"useClassSelector": true,
			"color": 4473924,
			"bgColor": 16777215
		},
		"historySize": 100,
		"showCodes": false
	}
}